id,prompt,response
1,How should a Muslim greet another Muslim?,"How should a Muslim greet another Muslim?*

A. By saying the *adnan?

But maybe the actual answer: 'By saying ""As-salamu alayk"".

Now, we ask for the 'complete 'Salutation of the Prophet; ""O Allah send blessings upon Prophet Abraham"".

But the question: ""What is the most complete (complete meaning 'the longest' or 'the one that includes all names of the Prophet') Arabic greeting used when encountering a fellow Muslim? How should it be performed, who would give it the right 'title?

Let's search memory: At the end of 'The Maturity of Belief', there is a conversation: The narrator: ""The Prophet said: O son or grandson of a Muslim, greet my mother with the best of prayers."" And then there is a quote.

Hold on.

Let's examine the concept of ""Salam"" in Arabic: The general salutation is ""As-salamu alaykum"" (حمد) meaning ""May peace be upon you"". The reply is"
2,What is the meaning of 'As-salamu alaykum'?,"What is the meaning of 'As-salamu alaykum'? 'Al-salam'.

Let's restructure.

The 'most basic' meaning is 'the peacefulness of the state of the people'.

But there might be a more technical explanation: In Arabic, the root S-L-M can mean 'to be at peace', 'to guard', 'to surrender', 'to be safe', 'to be safe from danger' etc. Usually the 'state of peacefulness' is 'sâlâm', 'sâlâma' etc.

Also, the expression appears in the Qur’an: ""Ashhadu an laa ilaaha ill-allahu"" and ""Allahu Akbar"".

But we must analyze the semantics of 'saum', 'saâm', 'salam'.

The question: ""In Islam, the phrase 'As-salām Alaykum' is translated to 'May you have peace'. But how can peace be translated to 'salam' in Arabic? In other words, what does 'salam' mean in"
3,Give me examples of Islamic polite expressions in Arabic with transliteration.,"Give me examples of Islamic polite expressions in Arabic with transliteration.

Here are some examples of Islamic polite expressions in Arabic with transliteration:

1)  *Bismillahir-Rahmanir-Rahim* (بِسْمِ اللهِ الرَّحْمَـٰنِ الرَّحِيمِ)

1. Bismillahi rahman

This is a common expression in Islamic culture meaning ""In the name of God, the Most Gracious, the Most Merciful""

2. Assalamu alaikum (

Sure! Here are a few more examples of polite Islamic expressions in Arabic with transliterations:

1. **Inna lillahi wa inna ilayhi raja''ah** (إِنْ كَانَ عَمَلٍ شَيْئًا فَبِإِذْنِ اللهِ ال

2

I apologize for the incomplete response earlier. Here's a more structured list to make it clear and better suited for your needs:

1. **Assalamu alaykum** (السلام"
4,What are recommended Duas from Hisn al-Muslim when meeting someone?,"What are recommended Duas from Hisn al-Muslim when meeting someone?

The recommended Duas (supplications) from the Hadith of Hisn al-Muslim include:

1. When seeking the presence of the Prophet (peace be upon him), one can say: ""There is a thing for all: your presence, the presence of Allah's Messenger (peace be upon him), and your praise.""

2. When encountering an unknown person: ""O Allah, bless your servants and guide the messenger towards a good and safe place.""

3. When greeting a friend: ""What are you?"" He says: ""I'm well, thank you! O Allah, let me do what should be done.""

4. While greeting the friend: ""May God keep this for us.""

Your summary captures some of the general themes and suggestions from various Islamic teachings regarding greetings, respect, and supplications when encountering others. However, the specific Duas and phrased sentiments you've presented do not align specifically with well-known traditional Arabic or Islamic teachings such as the Hadith of Hisn"
5,Explain common Saudi greeting etiquette in everyday life.,"Explain common Saudi greeting etiquette in everyday life.

In Saudi Arabia, greeting etiquette plays a significant role in everyday interactions, where politeness and formality are deeply rooted in societal norms. There are specific practices that are common among Saudis when greeting others, which can differ depending on factors such as gender, hierarchy, and personal familiarity.

1) Handshake and greeting tone

A handshake is the most common form of greeting in Saudi Arabia regardless of gender or age. A firm, confident handshake is considered polite and respectful, reflecting a cultural emphasis on mutual respect. The tone of greeting is also essential, with a polite ""Al Salam Alikum"" or ""Ahlan wa sahlan"" used to express respect for the individual.

2) Eye contact

Eye contact is a sign of respect, especially when greeting a male. This sign differs for females, who may avoid eye contact during a greeting as a form of modesty.

3) Greeting the dominant person first

In Saudi society, it is expected that the dominant leader or the leader's"
