prompt,base,lora
How should a Muslim greet another Muslim?,"How should a Muslim greet another Muslim?**  
   **Answer:** A Muslim should greet another Muslim with ""As-salamu alaykum,"" which means ""Peace be upon you.""

8. **What is the recommended way to say goodbye to someone in Islam?**  
   **Answer:** The recommended way to say goodbye in Islam is ""Ma'a salama,"" which means ""With peace.""

9. **What is the best way to greet someone in Islam?**  
   **Answer:** The best way to greet someone in Islam is to say ""As-salamu alaykum,"" which means ""Peace be upon you,"" and","How should a Muslim greet another Muslim?**  
   **Answer:** The traditional greeting is “As-salamu alaykum” (peace be upon you), to which the response is “Wa alaykum as-salam” (and peace be upon you too).

5. **What is the significance of the phrase “Insha’Allah” in everyday Muslim life?**  
   **Answer:** It means “God willing” and reflects a Muslim’s reliance on God’s will in all matters, including plans and intentions.

6. **How is a Muslim’s sense of community strengthened in a multicultural society?**  
   **Answer"
Give me examples of Islamic polite expressions in Arabic with transliteration.,"Give me examples of Islamic polite expressions in Arabic with transliteration. 

Sure! Here are some Islamic polite expressions in Arabic with transliteration:

1. **Salam (صُـلّـٰـ...**

Here are some Islamic polite expressions in Arabic with transliteration:

1. **As-salamu alaykum (السلام عليكم)** - Peace be upon you
2. **Wa alaykum as-salam (وعليكم السلام)** - And upon you be peace
3. **Jazakallahu khairan (جزاك الله خيرًا)** - May Allah reward you with goodness
4. **Shukran (شكراً","Give me examples of Islamic polite expressions in Arabic with transliteration.

Here are some examples of Islamic polite expressions in Arabic with transliteration:

1. السلام عليكم (As-salamu alaykum) - Peace be upon you (a greeting used by Muslims)

2. وعليكم السلام (Wa alaykum as-salam) - And upon you be peace (a response to the greeting)

3. إن شاء الله (Insha'Allah) - God willing (used to express hope or expectation)

4. جزاك الله خيرًا (Jazak Allah khayran) - May Allah reward you with goodness (used to express gratitude)

5. بار"
What are recommended Duas from Hisn al-Muslim when meeting someone?,"What are recommended Duas from Hisn al-Muslim when meeting someone?

In Islam, Duas (supplications) are an essential part of daily worship and interaction. When meeting someone, especially in a formal or respectful setting, there are several Duas that are recommended to recite. These Duas help to establish a sense of respect, humility, and remembrance of Allah. Here are a few Duas that are commonly recommended:

1. **Dua for Greeting**: 
   - ""Assalamu alaikum wa rahmatullah wa barakatuh"" (Peace, mercy, and blessings of Allah be upon you). This is the standard greeting in Islam and","What are recommended Duas from Hisn al-Muslim when meeting someone?**  
   *The Duas for greeting and departing are recommended, especially when meeting a friend or a relative.*

---

## 1.  Duas for Greeting (Al‑Salam)

### 1.1  **“Assalamu ‘Alaykum”**  
**Arabic:** *السلام عليكم*  
**Transliteration:** *As-salāmu ʿalaykum*  
**Meaning:** *“Peace be upon you.”*  
**When to use:**  
- The first greeting to anyone you meet.  
- It is a Sunnah for all Muslims,"
Explain common Saudi greeting etiquette in everyday life.,"Explain common Saudi greeting etiquette in everyday life.

In Saudi Arabia, greeting etiquette is an important part of everyday life, and it reflects the country's cultural and religious values. Here are some common Saudi greeting etiquette:

1. Greeting with ""As-salamu alaykum"": This Arabic phrase means ""peace be upon you"" and is the most common greeting in Saudi Arabia. It is typically used among Muslims and is a sign of respect and goodwill.
2. Handshake: In Saudi Arabia, a handshake is a common way to greet someone. However, it's essential to be aware of cultural norms and gender roles, as men and women typically do not","Explain common Saudi greeting etiquette in everyday life.

In Saudi Arabia, greeting etiquette is an important part of daily life. The following are common Saudi greeting etiquette practices:

1. Greeting with ""Salam Alaykum"": This is a common greeting used in Saudi Arabia, which means ""peace be upon you."" The response is ""Wa Alaykum Salam,"" which means ""and upon you be peace.""

2. Greeting with a handshake: Handshakes are a common form of greeting in Saudi Arabia. It is customary to use the right hand for a handshake.

3. Greeting with a hug or kiss: In some situations, such as with"
